date,subreddit,mean_sentiment,community_weighted_sentiment,count
2025-05-01,LocalLLaMA,-0.4952,-0.4779,523
2025-05-01,OpenAI,-0.5242,-0.517,227
2025-05-01,artificial,-0.475,-0.5065,80
2025-05-01,singularity,-0.3839,-0.4357,211
2025-05-02,LocalLLaMA,-0.5027,-0.4347,366
2025-05-02,OpenAI,-0.4947,-0.4879,285
2025-05-02,artificial,-0.3913,-0.5042,46
2025-05-02,singularity,-0.4244,-0.4151,205
2025-05-03,LocalLLaMA,-0.5518,-0.5262,415
2025-05-03,OpenAI,-0.4688,-0.4546,256
2025-05-03,artificial,-0.4286,-0.3653,56
2025-05-03,singularity,-0.3534,-0.3939,232
2025-05-04,LocalLLaMA,-0.3213,-0.3051,333
2025-05-04,OpenAI,-0.4365,-0.4455,252
2025-05-04,artificial,-0.5172,-0.5418,58
2025-05-04,singularity,-0.6024,-0.6052,166
2025-05-05,LocalLLaMA,-0.473,-0.4502,444
2025-05-05,OpenAI,-0.4486,-0.426,243
2025-05-05,artificial,-0.3714,-0.3691,35
2025-05-05,singularity,-0.3362,-0.3324,232
2025-05-06,LocalLLaMA,-0.5656,-0.5327,419
2025-05-06,OpenAI,-0.5019,-0.5556,269
2025-05-06,artificial,-0.4468,-0.4585,94
2025-05-06,singularity,-0.3714,-0.3904,245
2025-05-07,LocalLLaMA,-0.4633,-0.4799,354
2025-05-07,OpenAI,-0.4258,-0.4588,209
2025-05-07,artificial,-0.5146,-0.5191,103
2025-05-07,singularity,-0.3407,-0.3575,182
2025-05-08,LocalLLaMA,-0.4769,-0.4615,325
2025-05-08,OpenAI,-0.5182,-0.4833,303
2025-05-08,artificial,-0.5,-0.5292,52
2025-05-08,singularity,-0.494,-0.5126,249
2025-05-09,LocalLLaMA,-0.4595,-0.4251,333
2025-05-09,OpenAI,-0.4436,-0.4213,266
2025-05-09,artificial,-0.5238,-0.5502,63
2025-05-09,singularity,-0.502,-0.5425,253
2025-05-10,LocalLLaMA,-0.4552,-0.4159,279
2025-05-10,OpenAI,-0.5269,-0.5317,186
2025-05-10,artificial,-0.443,-0.4837,79
2025-05-10,singularity,-0.5192,-0.5185,208
2025-05-11,LocalLLaMA,-0.5655,-0.5272,290
2025-05-11,OpenAI,-0.4572,-0.4568,269
2025-05-11,artificial,-0.5882,-0.5505,68
2025-05-11,singularity,-0.3736,-0.3069,182
2025-05-12,LocalLLaMA,-0.562,-0.5701,274
2025-05-12,OpenAI,-0.5152,-0.4961,264
2025-05-12,artificial,-0.4667,-0.5324,75
2025-05-12,singularity,-0.498,-0.5231,247
2025-05-13,LocalLLaMA,-0.4971,-0.4682,342
2025-05-13,OpenAI,-0.5833,-0.6451,288
2025-05-13,artificial,-0.3671,-0.4165,79
2025-05-13,singularity,-0.3571,-0.4305,140
2025-05-14,LocalLLaMA,-0.3776,-0.2943,286
2025-05-14,OpenAI,-0.5369,-0.569,298
2025-05-14,artificial,-0.5,-0.5367,88
2025-05-14,singularity,-0.36,-0.3138,300
2025-05-15,LocalLLaMA,-0.5308,-0.5159,341
2025-05-15,OpenAI,-0.533,-0.5087,227
2025-05-15,artificial,-0.5942,-0.6274,69
2025-05-15,singularity,-0.4604,-0.4808,341
2025-05-16,LocalLLaMA,-0.5168,-0.5195,327
2025-05-16,OpenAI,-0.5751,-0.5613,273
2025-05-16,artificial,-0.5802,-0.5783,81
2025-05-16,singularity,-0.4568,-0.4414,324
2025-05-17,LocalLLaMA,-0.5658,-0.5476,281
2025-05-17,OpenAI,-0.5299,-0.5133,234
2025-05-17,artificial,-0.4545,-0.5082,77
2025-05-17,singularity,-0.5506,-0.5318,178
2025-05-18,LocalLLaMA,-0.4783,-0.4879,230
2025-05-18,OpenAI,-0.4545,-0.4629,165
2025-05-18,artificial,-0.4902,-0.4985,51
2025-05-18,singularity,-0.5461,-0.5584,141
2025-05-19,LocalLLaMA,-0.4875,-0.4821,320
2025-05-19,OpenAI,-0.6712,-0.6774,146
2025-05-19,artificial,-0.4766,-0.5524,107
2025-05-19,singularity,-0.391,-0.3832,335
2025-05-20,LocalLLaMA,-0.5137,-0.466,329
2025-05-20,OpenAI,-0.4822,-0.4133,197
2025-05-20,artificial,-0.4,-0.4258,60
2025-05-20,singularity,-0.3147,-0.3419,429
2025-05-21,LocalLLaMA,-0.5,-0.5178,372
2025-05-21,OpenAI,-0.4307,-0.5103,267
2025-05-21,artificial,-0.5263,-0.6283,76
2025-05-21,singularity,-0.3589,-0.3353,599
2025-05-22,LocalLLaMA,-0.4813,-0.4787,374
2025-05-22,OpenAI,-0.4939,-0.5255,328
2025-05-22,artificial,-0.6667,-0.6903,72
2025-05-22,singularity,-0.4947,-0.5288,566
2025-05-23,LocalLLaMA,-0.5445,-0.5678,382
2025-05-23,OpenAI,-0.4605,-0.4919,215
2025-05-23,artificial,-0.3274,-0.3235,113
2025-05-23,singularity,-0.393,-0.3799,402
2025-05-24,LocalLLaMA,-0.4333,-0.4601,240
2025-05-24,OpenAI,-0.344,-0.3161,250
2025-05-24,artificial,-0.3488,-0.3326,86
2025-05-24,singularity,-0.4379,-0.4447,491
2025-05-25,LocalLLaMA,-0.5081,-0.5379,248
2025-05-25,OpenAI,-0.345,-0.38,229
2025-05-25,artificial,-0.3535,-0.3803,99
2025-05-25,singularity,-0.3897,-0.3967,331
2025-05-26,LocalLLaMA,-0.481,-0.4868,343
2025-05-26,OpenAI,-0.5125,-0.5693,160
2025-05-26,artificial,-0.2609,-0.2746,46
2025-05-26,singularity,-0.4444,-0.4124,270
2025-05-27,LocalLLaMA,-0.5611,-0.5977,319
2025-05-27,OpenAI,-0.5197,-0.4877,229
2025-05-27,artificial,-0.6436,-0.6834,101
2025-05-27,singularity,-0.2628,-0.284,331
2025-05-28,LocalLLaMA,-0.5333,-0.4956,360
2025-05-28,OpenAI,-0.4729,-0.4775,258
2025-05-28,artificial,-0.4186,-0.4808,86
2025-05-28,singularity,-0.4292,-0.4194,459
2025-05-29,LocalLLaMA,-0.4661,-0.4449,472
2025-05-29,OpenAI,-0.5281,-0.5376,178
2025-05-29,artificial,-0.0909,-0.0087,66
2025-05-29,singularity,-0.3836,-0.4301,464
2025-05-30,LocalLLaMA,-0.4895,-0.4555,380
2025-05-30,OpenAI,-0.4791,-0.4653,215
2025-05-30,artificial,-0.5333,-0.5649,90
2025-05-30,singularity,-0.3952,-0.4286,377
2025-05-31,LocalLLaMA,-0.5974,-0.6178,313
2025-05-31,OpenAI,-0.4913,-0.4578,173
2025-05-31,artificial,-0.3077,-0.258,78
2025-05-31,singularity,-0.4563,-0.4511,309
2025-06-01,LocalLLaMA,-0.4754,-0.4483,244
2025-06-01,OpenAI,-0.4286,-0.4016,203
2025-06-01,artificial,-0.2941,-0.2128,17
2025-06-01,singularity,-0.4667,-0.4858,180
2025-06-02,LocalLLaMA,-0.4886,-0.4693,352
2025-06-02,OpenAI,-0.5528,-0.5055,246
2025-06-02,artificial,-0.4792,-0.6261,96
2025-06-02,singularity,-0.5287,-0.5184,314
2025-06-03,LocalLLaMA,-0.405,-0.3515,279
2025-06-03,OpenAI,-0.545,-0.5749,211
2025-06-03,artificial,-0.6,-0.6247,80
2025-06-03,singularity,-0.4876,-0.5192,242
2025-06-04,LocalLLaMA,-0.4672,-0.4955,274
2025-06-04,OpenAI,-0.5962,-0.5539,317
2025-06-04,artificial,-0.5435,-0.605,92
2025-06-04,singularity,-0.3316,-0.299,377
2025-06-05,LocalLLaMA,-0.4882,-0.4796,297
2025-06-05,OpenAI,-0.4632,-0.4344,231
2025-06-05,artificial,-0.6712,-0.7541,73
2025-06-05,singularity,-0.4007,-0.3616,307
2025-06-06,LocalLLaMA,-0.438,-0.3628,274
2025-06-06,OpenAI,-0.5,-0.4981,148
2025-06-06,artificial,-0.5,-0.5466,72
2025-06-06,singularity,-0.3361,-0.3444,238
2025-06-07,LocalLLaMA,-0.4808,-0.4602,208
2025-06-07,OpenAI,-0.4357,-0.4429,241
2025-06-07,artificial,-0.4563,-0.4383,103
2025-06-07,singularity,-0.373,-0.3527,252
2025-06-08,LocalLLaMA,-0.5448,-0.5058,268
2025-06-08,OpenAI,-0.5039,-0.4824,254
2025-06-08,artificial,-0.6364,-0.678,77
2025-06-08,singularity,-0.4054,-0.4938,148
2025-06-09,LocalLLaMA,-0.5054,-0.4401,279
2025-06-09,OpenAI,-0.4878,-0.4226,246
2025-06-09,artificial,-0.4478,-0.4649,134
2025-06-09,singularity,-0.4618,-0.4825,249
2025-06-10,LocalLLaMA,-0.348,-0.3122,273
2025-06-10,OpenAI,-0.4957,-0.5238,349
2025-06-10,artificial,-0.5663,-0.5317,83
2025-06-10,singularity,-0.383,-0.4165,376
2025-06-11,LocalLLaMA,-0.4113,-0.3931,248
2025-06-11,OpenAI,-0.4286,-0.3769,217
2025-06-11,artificial,-0.4955,-0.5698,111
2025-06-11,singularity,-0.368,-0.359,269
2025-06-12,LocalLLaMA,-0.4094,-0.4098,254
2025-06-12,OpenAI,-0.5276,-0.5785,254
2025-06-12,artificial,-0.3735,-0.4439,83
2025-06-12,singularity,-0.2961,-0.3084,233
2025-06-13,LocalLLaMA,-0.3556,-0.3242,270
2025-06-13,OpenAI,-0.4382,-0.4042,178
2025-06-13,artificial,-0.3821,-0.3721,123
2025-06-13,singularity,-0.2,-0.2585,125
2025-06-14,LocalLLaMA,-0.5736,-0.5512,197
2025-06-14,OpenAI,-0.3966,-0.4258,179
2025-06-14,artificial,-0.4167,-0.4459,96
2025-06-14,singularity,-0.1354,-0.1692,192
2025-06-15,LocalLLaMA,-0.4684,-0.4165,237
2025-06-15,OpenAI,-0.5294,-0.5125,102
2025-06-15,artificial,-0.4754,-0.5787,61
2025-06-15,singularity,-0.427,-0.392,178
2025-06-16,LocalLLaMA,-0.518,-0.5471,278
2025-06-16,OpenAI,-0.5169,-0.5528,207
2025-06-16,artificial,-0.5696,-0.5846,79
2025-06-16,singularity,-0.3418,-0.3892,158
2025-06-17,LocalLLaMA,-0.4744,-0.4956,293
2025-06-17,OpenAI,-0.426,-0.4405,223
2025-06-17,artificial,-0.3608,-0.3481,97
2025-06-17,singularity,-0.433,-0.4326,321
2025-06-18,LocalLLaMA,-0.4528,-0.4244,307
2025-06-18,OpenAI,-0.5152,-0.4993,231
2025-06-18,artificial,-0.541,-0.5906,61
2025-06-18,singularity,-0.4416,-0.4302,197
2025-06-19,LocalLLaMA,-0.528,-0.5063,411
2025-06-19,OpenAI,-0.3475,-0.3711,236
2025-06-19,artificial,-0.5696,-0.6251,79
2025-06-19,singularity,-0.4249,-0.4267,313
2025-06-20,LocalLLaMA,-0.4225,-0.3431,374
2025-06-20,OpenAI,-0.6126,-0.6681,222
2025-06-20,artificial,-0.5238,-0.6093,63
2025-06-20,singularity,-0.445,-0.4342,209
2025-06-21,LocalLLaMA,-0.5521,-0.5479,317
2025-06-21,OpenAI,-0.5932,-0.6164,177
2025-06-21,artificial,-0.5579,-0.6365,95
2025-06-21,singularity,-0.3566,-0.4154,286
2025-06-22,LocalLLaMA,-0.5122,-0.3947,41
2025-06-22,OpenAI,-0.3846,-0.4019,130
2025-06-22,artificial,-0.28,-0.4088,75
2025-06-22,singularity,-0.28,-0.2504,125
2025-06-23,OpenAI,-0.4497,-0.4646,149
2025-06-23,artificial,-0.4947,-0.4533,95
2025-06-23,singularity,-0.4581,-0.5307,155
2025-06-24,LocalLLaMA,-0.2587,-0.2431,143
2025-06-24,OpenAI,-0.566,-0.5149,212
2025-06-24,artificial,-0.4783,-0.542,92
2025-06-24,singularity,-0.4091,-0.4386,264
2025-06-25,LocalLLaMA,-0.4489,-0.3935,421
2025-06-25,OpenAI,-0.4486,-0.4325,185
2025-06-25,artificial,-0.5814,-0.5666,86
2025-06-25,singularity,-0.4744,-0.4534,312
