date,subreddit,mean_sentiment,weighted_sentiment,count
2025-04-14,Android,0.2741935483870967,0.038601982263954,62
2025-04-14,GooglePixel,0.1339712918660287,0.1876693766937669,209
2025-04-14,apple,0.4390243902439024,0.6902477125641597,41
2025-04-15,Android,0.2142857142857142,0.2142857142857142,42
2025-04-15,GooglePixel,0.125,0.1030150753768844,168
2025-04-15,apple,0.2083333333333333,0.4293436293436293,48
2025-04-16,Android,0.1836734693877551,0.0683111954459203,49
2025-04-16,GooglePixel,0.1756756756756756,0.320253164556962,222
2025-04-16,apple,0.2372881355932203,0.3383130314870144,59
2025-04-17,Android,0.119047619047619,0.3637724550898203,42
2025-04-17,GooglePixel,0.1688311688311688,0.2512658227848101,231
2025-04-17,apple,0.1372549019607843,0.0844247430989321,51
2025-04-18,Android,0.2608695652173913,0.1328828828828828,46
2025-04-18,GooglePixel,0.191358024691358,0.2571428571428571,162
2025-04-18,apple,0.2340425531914893,0.2344544387954634,47
2025-04-19,Android,0.0909090909090909,0.0070921985815602,11
2025-04-19,GooglePixel,0.1467391304347826,0.0487106017191977,184
2025-04-19,apple,0.2162162162162162,0.0165853658536585,37
2025-04-20,Android,0.16,0.0054644808743169,25
2025-04-20,GooglePixel,0.1865284974093264,0.1327196010740314,193
2025-04-20,apple,0.4242424242424242,0.2339378238341969,33
2025-04-21,Android,0.1764705882352941,0.2297297297297297,51
2025-04-21,GooglePixel,0.1518987341772152,0.1611747851002865,158
2025-04-21,apple,0.125,0.1270471464019851,24
2025-04-22,Android,0.3148148148148148,0.05466237942122187,54
2025-04-22,GooglePixel,0.13114754098360656,0.1731958762886598,122
2025-04-22,apple,0.15517241379310345,0.16266237498563052,58
